{"estimator": {"phi_opt_list": [[0.00045130058224954385, -0.0004513005822495442]], "c": 0.25}, "risk": 0.04998952340927332, "R_list": [1657]}