{"estimator": {"phi_opt_list": [[0.0004510769491931788, -0.0004510534001433261]], "c": 0.24998047991488623}, "risk": 0.04999002329259655, "R_list": [1657], "success": true}