{"estimator": {"phi_opt_list": [[0.0004510886873234574, -0.00045104166190492525]], "c": 0.24996102007605236}, "risk": 0.0499900232379553, "R_list": [1657], "success": true}