{"estimator": {"phi_opt_list": [[0.0005295119409225698, -0.0013195618286644666, -0.0013195618286708714, 0.0005295119409230812, 0.0005295119409234189, -0.0013195618286605242, -0.0013195618286682748, 0.000529511940922646], [0.0017861130612000149, -0.0013196820895992343, -0.003677566758202301, -0.0013196820895977621, -0.0013196820895996096, -0.0036775669302922262, -0.0013196820895986306, 0.0017861130611986017], [0.0005295119409212843, 0.0005295119409251256, -0.0013195618286724624, -0.0013195618286649452, -0.0013195618286662067, -0.0013195618286595396, 0.000529511940921214, 0.0005295119409237708], [-0.001240469721611551, 0.001240250479640729, 0.001240250479638201, -0.0012404697216099768, 0.0012402504796384718, -0.0012404697216138185, -0.0012404697216074297, 0.0012402504796394916], [0.0012403962466833696, -0.0012405120382432409, -0.0012405120382484355, 0.001240396246685214, -0.0012405120382491474, 0.0012403962466875482, 0.0012403962466832534, -0.0012405120382435323], [0.0012403049429226525, -0.0012404015457105548, -0.0012404015457200934, 0.0012403049429336392, -0.0012404015457128273, 0.0012403049429273402, 0.001240304942929331, -0.0012404015457148974], [0.0012403962466835895, -0.001240512038246034, -0.0012405120382469345, 0.0012403962466848064, -0.0012405120382462435, 0.0012403962466853977, 0.0012403962466865234, -0.0012405120382457371]], "c": 0.21291414806136463}, "risk": 0.0859582539174409, "R_list": [100, 100, 100, 100, 100, 100, 100], "success": true}