{"estimator": {"phi_opt_list": [[0.0005295512224611484, -0.0013195307205726516, -0.0013195307205723392, 0.0005295512224615825, 0.0005295512224611555, -0.001319530720573258, -0.0013195307205728073, 0.0005295512224613725], [0.00178616489017846, -0.0013195511739901896, 0.0010142985163629386, -0.001319551173990171, -0.0013195511739900233, 0.0010142984493673672, -0.0013195511739903113, 0.0017861648901782402], [0.0005295512224612376, 0.0005295512224611274, -0.00131953072057247, -0.001319530720572403, -0.001319530720572537, -0.0013195307205730374, 0.0005295512224613748, 0.0005295512224615156], [-0.0012404950461300554, 0.0012404970307850903, 0.0012404970307850075, -0.0012404950461302154, 0.001240497030785247, -0.0012404950461299279, -0.0012404950461300448, 0.0012404970307853943], [0.0012404968333335684, -0.0012404952010124828, -0.0012404952010126318, 0.0012404968333337271, -0.0012404952010124247, 0.0012404968333340207, 0.0012404968333339242, -0.0012404952010123076], [0.0012404971762916277, -0.0012404957708314745, -0.0012404957708311924, 0.001240497176291609, -0.0012404957708312776, 0.001240497176291909, 0.001240497176291778, -0.0012404957708308294], [0.0012404968333338433, -0.0012404952010127846, -0.0012404952010128586, 0.0012404968333336254, -0.001240495201012498, 0.0012404968333339511, 0.001240496833334144, -0.0012404952010125218]], "c": 0.21287540345018954}, "risk": 0.08595418765193277, "R_list": [100, 100, 100, 100, 100, 100, 100], "success": true}