{"estimator": {"phi_opt_list": [[0.0005305659718057444, -0.001322075708625772, -0.0013221006328403885, 0.0005305672275356026, 0.0005305657471990209, -0.0013220752851492775, -0.0013221001625031176, 0.000530567022862445], [0.0017889527587182403, -0.0013222517080183017, 0.0005537793726284291, -0.001322252643450325, -0.0013222517079706452, 0.000551416495794024, -0.0013222526434911637, 0.0017889538364341834], [0.0005305660371755563, 0.0005305656818700304, -0.0013221007835759043, -0.0013221000116832985, -0.0013220758319412139, -0.0013220751617416928, 0.000530567290803735, 0.0005305669596369016], [-0.0012420718866391416, 0.001242071804177618, 0.0012420715856490258, -0.0012420716728003226, 0.001242071804177618, -0.0012420718866391805, -0.0012420716728003534, 0.0012420715856490449], [0.0012420730969702946, -0.0012420705424872427, -0.0012420730160109038, 0.001242070292316205, -0.0012420730160109085, 0.001242070292316188, 0.0012420730969703337, -0.0012420705424873017], [0.0012420740713825762, -0.0012420714229579549, -0.0012420736724695525, 0.0012420710594792073, -0.0012420723591294216, 0.0012420695249396841, 0.0012420721223649711, -0.0012420696617200951], [0.0012420725656890395, -0.0012420725482324719, -0.0012420725482324962, 0.0012420725656890755, -0.001242071010841834, 0.0012420708239269823, 0.0012420708239270024, -0.0012420710108418654]], "c": 0.21291416429558124}, "risk": 0.08458035265214715, "R_list": [100, 100, 100, 100, 100, 100, 100]}