{"estimator": {"phi_opt_list": [[0.0005434505551116072, -0.001353987143619977, -0.0013539707398782343, 0.0005434562607411679, 0.0005434500411361404, -0.00135398704819269, -0.0013539709191027574, 0.0005434557445226878], [0.00183322625154094, -0.001354125194618854, 0.0005389417897922325, -0.001354133529881504, -0.001354125194346309, 0.000472944501774237, -0.0013541335301786297, 0.0018332254840108166], [0.0005434501777459038, 0.0005434504196586458, -0.0013539709045484836, -0.0013539707538409724, -0.0013539870833982213, -0.0013539871078690597, 0.0005434558818481364, 0.0005434561246747706], [-0.0012738370791379205, 0.0012738363939365186, 0.0012738362752970187, -0.0012738369639102665, 0.0012738363939363848, -0.0012738370791379988, -0.0012738369639105284, 0.0012738362752971132], [0.0012738359743573113, -0.0012738372033681605, -0.0012738368397407513, 0.0012738366948922173, -0.0012738368397409096, 0.001273836694892177, 0.001273835974357307, -0.0012738372033683477], [0.0012738368123179173, -0.001273837679655132, -0.001273837199113126, 0.0012738374161095436, -0.0012738364806474303, 0.0012738359737663493, 0.001273835136484995, -0.0012738367273181857], [0.0012738371142078512, -0.001273837439361015, -0.001273837439361121, 0.0012738371142079808, -0.0012738366039505662, 0.0012738355551195292, 0.0012738355551194346, -0.001273836603950493]], "c": 0.21285475295369116}, "risk": 0.08594487868477393, "R_list": [100, 100, 100, 100, 100, 100, 100], "success": true}