{"estimator": {"phi_opt_list": [[0.0005295557007188208, -0.0013195881997486777, -0.0013195881997461955, 0.00052955570071988, 0.0005295557007169966, -0.001319588199741297, -0.001319588199749795, 0.0005295557007176031], [0.0017861456881572803, -0.0013196169050124773, 0.0031736614939961464, -0.001319616905013434, -0.0013196169050136502, 0.0031736615798935186, -0.0013196169050140054, 0.0017861456881542823], [0.0005295557007177438, 0.0005295557007161344, -0.0013195881997497693, -0.0013195881997450775, -0.001319588199744539, -0.0013195881997477802, 0.0005295557007185416, 0.000529555700718361], [-0.001240489906371694, 0.0012405293096214337, 0.0012405293096265713, -0.0012404899063720722, 0.0012405293096337487, -0.0012404899063774544, -0.001240489906379282, 0.0012405293096319674], [0.0012404474363452835, -0.0012405657831048799, -0.0012405657831102003, 0.0012404474363423648, -0.001240565783103288, 0.0012404474363370197, 0.0012404474363408387, -0.0012405657831005606], [0.0012403609875723761, -0.001240644627937118, -0.0012406446279372733, 0.001240360987571989, -0.0012406446279362355, 0.0012403609875716113, 0.001240360987571819, -0.0012406446279342887], [0.001240447436340264, -0.0012405657831046442, -0.0012405657831072068, 0.0012404474363444213, -0.0012405657831014542, 0.0012404474363392763, 0.0012404474363401728, -0.0012405657831015267]], "c": 0.21290674384010866}, "risk": 0.08595073360711576, "R_list": [100, 100, 100, 100, 100, 100, 100], "success": true}