{"average_F_width_list": [2.607936061193472e-06, 2.655093264824826e-06, 2.588431669934388e-06, 2.5885600872225247e-06, 2.6181879188630353e-06, 2.6158787234079605e-06, 2.6542185487208325e-06, 2.6702983693676076e-06, 2.5972686062494253e-06, 2.6013128698260113e-06, 2.5833995126208765e-06, 2.625436186268648e-06, 2.6373645534456537e-06, 2.5935769090884574e-06, 2.6538688081125805e-06, 2.5902101772838913e-06, 2.606061404801685e-06, 2.6286409424899346e-06, 2.6265049833483768e-06, 2.624771746427501e-06, 2.6056951266167914e-06, 2.622882990091502e-06, 2.6122016415944804e-06, 2.6292662188335258e-06, 2.5978391296065386e-06, 2.579636806624097e-06, 2.662108596605428e-06, 2.5730038747981965e-06, 2.6152104006894607e-06, 2.5952744305767216e-06, 2.651800485936162e-06, 2.5940766353917954e-06, 2.6161402451140293e-06, 2.5961000440180017e-06, 2.6272797558551943e-06, 2.6225312108055785e-06, 2.5614651396946854e-06, 2.6021650025218614e-06, 2.6176280666777573e-06, 2.585255380974538e-06, 2.57519547590912e-06, 2.6521261542428174e-06, 2.6060524694109242e-06, 2.6472378319338796e-06, 2.596274213253591e-06, 2.6066743446874207e-06, 2.591088268362407e-06, 2.594919586868416e-06, 2.610777903632511e-06, 0.00028999705296902647, 0.0019250812800114452, 0.0075508594399542805, 0.02665292726286871, 0.0672778614894471, 0.12560904900602798, 0.18670379300927128, 0.23960042833527787, 0.27892299704562934, 0.30958334500509216, 0.3359285845156468], "coverage_prob": [0.0, 0.0, 0.0, 0.0, 0.0, 0.0, 0.0, 0.0, 0.0, 0.0, 0.0, 0.0, 0.0, 0.0, 0.0, 0.0, 0.0, 0.0, 0.0, 0.0, 0.0, 0.0, 0.0, 0.0, 0.0, 0.0, 0.0, 0.0, 0.0, 0.0, 0.0, 0.0, 0.0, 0.0, 0.0, 0.0, 0.0, 0.0, 0.0, 0.0, 0.0, 0.0, 0.0, 0.0, 0.0, 0.0, 0.0, 0.0, 0.0, 0.004, 0.018, 0.06, 0.199, 0.44, 0.695, 0.884, 0.975, 0.997, 1.0, 1.0], "max_duality_gap": 0.0007586675601487514}